MAP;5
query;0.1;0.2;0.3;0.4;0.5;0.6;0.7;0.8;0.9;1.0
11;0.8;0.8;0.8;1.0;1.0;1.0;1.0;1.0;1.0;0.0;
12;0.6;0.6;0.6;0.6;0.6;0.6;0.6;0.6;0.6;0.0;
13;1.0;1.0;1.0;1.0;1.0;1.0;1.0;1.0;1.0;0.0;
14;0.8;0.6;0.4;0.4;0.4;0.4;0.4;0.4;0.4;0.0;
15;1.0;1.0;1.0;1.0;1.0;1.0;1.0;1.0;1.0;0.0;
Promedio:;0.38181818;0.36363637;0.34545457;0.36363637;0.36363637;0.36363637;0.36363637;0.36363637;0.36363637;0.0;